age,sex,consumed_cal,intake_cal,BMI,fat,muscle,BMR
19-29,1,525.505245243346,1800,0,19.58786535802136,17.830447680471764,0
19-29,1,506.59916275560613,1500,0,21.157250210006886,18.779251735286085,0
19-29,1,524.6525640796852,1500,0,19.164933960225596,19.083658987804114,0
19-29,1,488.5936503961363,1800,0,15.73963989426222,19.296414659157577,0
19-29,1,445.0402045464841,2400,0,21.43895894271928,22.857802147123433,0
19-29,1,492.47207597900086,2400,0,16.54253968641129,19.204779310251965,0
19-29,1,487.00330001581284,1500,0,19.305786504746365,18.854334945625602,0
19-29,1,521.7143746200816,2400,0,16.419754792127346,19.076895708919338,0
19-29,1,508.8229526167062,2400,0,17.138382257369578,21.454667911114203,0
19-29,1,500.31956822371126,2400,0,16.39986778612393,20.153374935633124,0
19-29,1,488.91452151928115,1500,0,19.270786677060613,19.811264530790844,0
19-29,1,524.3026013751967,1500,0,19.58140114901435,20.06041368040061,0
19-29,1,550.874714102742,3000,0,21.053832975183216,17.431479991880792,0
19-29,1,499.999179066107,3300,0,18.99427401927098,21.392515339714222,0
19-29,1,498.60164353399443,1800,0,20.219316834718995,15.74873732196365,0
19-29,1,506.31733069619685,1500,0,16.106128739907263,18.027179660424306,0
19-29,1,470.83499234322227,2400,0,19.79090412289672,18.85978438743913,0
19-29,1,472.5078379589038,2400,0,15.435135657916046,19.914073835211813,0
19-29,1,475.44277538095673,1500,0,20.74999223110351,22.039764184886,0
19-29,1,493.3644444006009,1800,0,16.480781830775975,20.488850712311663,0
19-29,1,437.38282081142745,2400,0,13.910696643913438,16.278538997892113,0
19-29,1,531.2631934122563,1500,0,18.043267703105194,17.224668537206792,0
19-29,1,540.0738003278688,1500,0,19.419982741831454,19.384118876268918,0
19-29,1,436.50868716608613,3300,0,16.12966058019199,19.417353623452215,0
19-29,1,454.37691690967904,1500,0,14.150544074522005,18.378307852895162,0
19-29,1,506.646836192797,1800,0,19.71400110318171,16.449912574954315,0
19-29,1,437.09235868585085,2400,0,13.974352809680326,21.573946163327456,0
19-29,1,501.4133216422674,1800,0,18.302165646422363,15.671611224650686,0
19-29,1,543.6618465158995,1500,0,15.727557916757386,19.939315106666328,0
19-29,1,439.4724603073323,2400,0,17.467588251052728,17.218399032807643,0
19-29,1,200.80538096022659,2000,0,18.694102575706964,18.10867101305403,0
19-29,1,185.26748804345766,2700,0,17.620656001833865,18.830883781869385,0
19-29,1,189.71422323803753,2700,0,19.025547064938653,19.49539280717195,0
19-29,1,196.31312483842692,2300,0,20.7548949997915,18.706174253591072,0
19-29,1,192.48931761753255,2300,0,16.170219112217456,19.42341908304634,0
19-29,1,196.13820439732024,2300,0,18.974806574998258,20.864668084474822,0
19-29,1,176.40632708162886,3200,0,22.172534459231667,17.860606413636432,0
19-29,1,199.41392776896853,3200,0,17.06774795574064,17.755936342493975,0
19-29,1,188.3642926354327,2000,0,20.30208515802882,20.954479346833146,0
19-29,1,207.2527761697082,2700,0,18.905142297478214,18.666733107438066,0
19-29,1,177.32675060298038,2700,0,18.570341373103716,22.030762832884875,0
19-29,1,195.9749702064968,2700,0,17.25463826458844,20.11804272024146,0
19-29,1,196.89818012444067,2700,0,18.87795624704646,24.33664518469886,0
19-29,1,214.33858736423895,2700,0,19.553640464811572,20.487867027258815,0
19-29,1,208.1038675686683,2700,0,18.523218760515228,19.88045727439586,0
19-29,1,200.95232353573914,2300,0,17.447237587005056,17.372869791180396,0
19-29,1,214.3002405052083,3500,0,17.91462179837635,18.04332054667777,0
19-29,1,183.58526983558033,3500,0,16.92983536987157,19.668899004822965,0
19-29,1,188.85836821982798,2000,0,19.63763211751452,15.99839707205557,0
19-29,1,187.24685248481882,3200,0,18.176522517556116,16.877458923213183,0
19-29,1,195.79511181638668,3200,0,17.40572470028056,21.894994076831644,0
19-29,1,194.90935399908022,2700,0,19.969080033577992,16.562256293801738,0
19-29,1,198.18004879808913,3200,0,19.39213017490023,21.343574769730715,0
19-29,1,205.9277081748669,2300,0,15.366717202941718,17.74807419221631,0
19-29,1,192.6819155389125,2300,0,15.058077846636149,19.91108822343741,0
19-29,1,196.95170859555893,3200,0,16.770652311612338,17.69956298930345,0
19-29,1,192.84593693049592,2700,0,17.057329595510364,19.96370049058118,0
19-29,1,192.1851508625519,2700,0,19.533828271277162,18.01253132382109,0
19-29,1,206.71174921445308,2700,0,17.177547656198982,19.322760039730532,0
19-29,1,210.4338617418906,2000,0,18.37692493005197,14.552813295559488,0
19-29,1,214.02891062890478,3200,0,19.919023544774134,19.324823795788543,0
19-29,1,187.99611222811112,3500,0,16.481218379455637,16.425164547187702,0
19-29,1,193.49974425601854,3500,0,17.51328388441052,17.018924893650794,0
19-29,1,183.32332783145407,2700,0,19.38538236347354,17.307177238998566,0
19-29,1,195.85899181548484,2000,0,18.016398701593022,16.81806823042394,0
19-29,1,195.94456759597276,2700,0,17.835334903952102,16.7412121651339,0
19-29,1,216.00392823182094,2000,0,18.160553848442355,18.822886908094432,0
19-29,1,178.14176204167663,2000,0,20.8870786029395,17.343660940042824,0
19-29,1,213.7394390911581,2000,0,20.246318119118676,19.25943248432113,0
19-29,1,227.9226242625773,3200,0,19.738113843379875,18.869289985993824,0
19-29,1,205.8311081931313,2000,0,18.704556317741776,18.735673067726747,0
19-29,1,201.5570830903635,2700,0,15.864743306261213,20.024892233425927,0
19-29,1,194.78829591030888,3500,0,17.651362956446533,21.558294668562404,0
19-29,1,205.088366356057,2700,0,17.39466128256254,18.54355687076694,0
19-29,2,505.3259956101116,1800,0,18.642213394895677,21.881121820123727,0
19-29,2,537.249649208222,1800,0,18.09419195946823,21.924733633411538,0
19-29,2,488.1019008817174,1800,0,18.886366423200567,22.48760523505976,0
19-29,2,488.1310068470748,1500,0,19.50491037244926,16.27674873586703,0
19-29,2,493.2722297726223,2400,0,17.730649262927887,17.67834720690821,0
19-29,2,527.1753301542471,3000,0,19.441645083634867,20.282250391399607,0
19-29,2,467.8362785548355,1800,0,17.642426610833176,21.142977370520804,0
19-29,2,465.0438604503791,2400,0,17.630870583665864,18.653942610881558,0
19-29,2,473.96398476329693,2400,0,16.21426228752074,18.444758844279622,0
19-29,2,487.4636085386534,2400,0,14.791217694278808,18.278614259843703,0
19-29,2,476.21723695531784,1500,0,17.96001001011943,15.053134194687171,0
19-29,2,516.1823347817524,1500,0,19.624822161200555,20.03429461785106,0
19-29,2,522.9241196578239,2400,0,17.810971342940608,22.5818857694343,0
19-29,2,486.70689603724816,1800,0,15.591564684381476,20.520359646585835,0
19-29,2,214.08747734075055,3200,0,18.326030179752582,15.793826356287076,0
19-29,2,185.05762850516726,3500,0,19.845631646854226,17.748044646216737,0
19-29,2,211.10223185497955,2700,0,17.900694441855002,21.7854154119408,0
19-29,2,200.44601092914888,2300,0,14.317191227414572,21.197403683351425,0
19-29,2,194.645783007029,2700,0,15.842683158576715,17.97811382001385,0
19-29,2,196.46396087648802,2300,0,17.507272280512254,20.859540891939687,0
19-29,2,202.40285103827557,2000,0,22.77844387378665,19.571461856983152,0
19-29,2,183.94527530613905,2700,0,17.707047003790244,21.502732021710855,0
19-29,2,214.981365208542,2300,0,14.601196956150229,21.511114640441004,0
19-29,2,192.59917251672306,2300,0,16.936059231283224,17.367616110645276,0
19-29,2,205.519310815349,2000,0,18.188883187814966,18.694059844842812,0
19-29,2,202.91460708800756,2000,0,17.563969976435835,19.68720846982524,0
19-29,2,195.95088990629992,2700,0,18.52075271431589,20.245080095915082,0
19-29,2,210.22453704099226,2000,0,18.326128115695116,17.959744635015138,0
19-29,2,201.20918376205003,2700,0,15.242999535347355,19.04176662022899,0
19-29,2,205.54449724890384,2300,0,20.99466622049201,18.12943783155954,0
19-29,2,181.6503698379459,2300,0,19.83235449686026,18.818632403595394,0
19-29,2,189.6708872188184,2700,0,18.64804455274409,20.931366145203178,0
19-29,2,194.69267200567182,3500,0,16.909433589578658,18.27407799573046,0
19-29,2,194.5157057447461,3200,0,21.133994623105146,19.458384289031365,0
19-29,2,191.9192315396436,2700,0,16.68063586588096,19.56246585410923,0
19-29,2,208.2308587200579,3500,0,17.611889074143694,16.522973052162495,0
19-29,2,196.1611841099043,2700,0,19.249663422959934,20.14050874703512,0
19-29,2,216.3089696416072,3200,0,16.055300393677683,15.944541370631043,0
19-29,2,210.1441895813899,2000,0,19.621132173787622,19.43266550652157,0
19-29,2,210.15950512079382,2000,0,21.117223776425977,16.186472542340162,0
19-29,2,208.92117286796247,2300,0,16.7494640640345,20.259239572101798,0
19-29,2,202.4088282839772,2000,0,17.42275222375701,19.843145509416843,0
19-29,2,203.9509657086735,3200,0,17.932618252118,19.367661369479524,0
19-29,2,195.63229252780658,3200,0,15.984547709935947,14.790655606709471,0
19-29,2,184.48393850703798,2700,0,20.491003012979075,17.40908537660156,0
19-29,2,197.6960899790438,2700,0,20.970307500300414,19.08020483825737,0
19-29,2,188.6953857091031,2300,0,17.026937889854647,20.07807648861076,0
19-29,2,182.05184412421613,2700,0,18.545373542483244,15.181931811130692,0
19-29,2,206.3525500783659,2300,0,18.042922781842933,18.422459988013404,0
19-29,2,211.9708672527887,2300,0,14.612955775318506,17.024864891636888,0
19-29,2,198.73904357462538,2000,0,20.588539663181084,21.33402056359587,0
19-29,2,187.6479930596251,2700,0,17.258820773593406,21.20551008823069,0
19-29,2,207.74048912221735,2000,0,17.417552200167236,21.30873098700406,0
19-29,2,190.25830982435653,3200,0,17.44213527865321,16.61249961654476,0
19-29,2,208.031926269827,2000,0,17.12918043926754,14.407301937176225,0
19-29,2,188.15362036362333,2700,0,18.83941235261469,19.647981260181226,0
19-29,2,199.54828490284032,2300,0,18.5593977386239,21.219796524518152,0
19-29,2,220.85999676890106,3500,0,18.54282620167322,16.619294364434253,0
19-29,2,201.99812310510086,2300,0,16.721044452302234,17.091700708246552,0
19-29,2,197.25210653367282,2700,0,18.97862580441795,20.119921212481785,0
19-29,2,194.75035016694196,2700,0,19.322717586378133,13.746480556318549,0
19-29,2,207.8283069468173,2700,0,20.736071829087873,20.37872152644645,0
19-29,2,202.3928559811077,3200,0,16.515621395103476,21.444518896294827,0
19-29,2,202.76279992436048,2700,0,17.892965913428963,18.984165338113048,0
19-29,2,190.18275065612698,2700,0,19.51038152528567,20.234343487392042,0
19-29,2,218.0026508274231,3200,0,18.287137461069296,20.37801741646932,0
19-29,2,208.03271953714273,2300,0,17.972549063121487,16.953683550882676,0
19-29,2,190.02457123461872,3200,0,19.098483209565696,19.17562312062688,0
19-29,2,197.7545413903569,3500,0,17.19459034322419,19.438494381220742,0
19-29,2,202.73430950870068,2300,0,17.868518736513508,22.614149528870602,0
19-29,2,209.56724348968254,2700,0,20.487036138356302,18.04411146864484,0
19-29,2,210.585821650036,2000,0,17.4190491493929,19.03859862349893,0
19-29,2,211.12868735852703,3200,0,17.382547783054996,16.30864240310056,0
30-39,1,528.2129391438048,2400,0,19.43341084080107,15.674645183888318,0
30-39,1,466.979300180043,1500,0,21.82591466031743,19.256799151329663,0
30-39,1,504.2765138056807,1500,0,21.054366169823112,19.223871228489894,0
30-39,1,478.3776134846864,1500,0,19.72990904257398,20.381472588861694,0
30-39,1,490.4565911299952,2400,0,16.78517025343272,22.311694583751652,0
30-39,1,517.8599077058589,3000,0,17.779897728812188,16.69957825404112,0
30-39,1,502.2566688119518,2400,0,19.951894701664347,19.090628764517028,0
30-39,1,497.185836812886,2400,0,17.337588336647624,18.398789449587404,0
30-39,1,467.7009420405267,1800,0,19.733874029589156,17.10514622901333,0
30-39,1,532.9348477207441,2400,0,19.735510835933873,18.224321199143066,0
30-39,1,505.9373424361157,1800,0,18.610457238245758,20.702823942499037,0
30-39,1,525.1808148203675,3000,0,16.08774825268018,19.433430352955636,0
30-39,1,200.3220781547169,2000,0,17.962003624841326,20.709563820864314,0
30-39,1,216.4991692719553,2700,0,19.00099092150404,21.329125457799975,0
30-39,1,214.678132035349,2300,0,15.593810011480587,18.357962640420226,0
30-39,1,190.01524894191002,2700,0,18.945403549064096,20.056064507122475,0
30-39,1,182.75072704368256,2300,0,17.831192593693864,15.96412329527638,0
30-39,1,209.70952177137704,2300,0,21.26903601029906,16.097204438309472,0
30-39,1,185.41910754826344,2300,0,16.587797589046666,17.437132191457284,0
30-39,1,196.53539601612061,3500,0,13.952726804392604,23.356632745576228,0
30-39,1,210.27972898382026,2000,0,18.96919108168257,17.321757031919542,0
30-39,1,201.81155862018304,2700,0,19.71248185610138,16.476014729925993,0
30-39,1,197.5224518097306,2300,0,16.310835668542055,14.588763899887732,0
30-39,1,212.5089206031035,2000,0,19.870899189156724,20.94471493728464,0
30-39,1,189.2015641450591,2000,0,19.491986057487523,19.662897841663668,0
30-39,1,194.07976526791066,2700,0,17.64872095474153,19.180494513323694,0
30-39,1,208.5714983542877,2700,0,16.84903350736032,19.359248135429258,0
30-39,1,210.17142702912733,2700,0,15.443293162772049,18.813075863967423,0
30-39,1,203.936290153712,3200,0,17.855707430982278,19.480845625514732,0
30-39,1,211.73124082771452,2700,0,19.47546580083704,16.28390084130664,0
30-39,1,201.96396602419793,3200,0,20.804155671496794,22.389759500921723,0
30-39,1,195.58065289561367,2300,0,18.153014687687108,17.693522670141594,0
30-39,1,193.06895671437198,2000,0,18.93094733738906,16.558899045656588,0
30-39,1,209.4816574098541,3200,0,15.515550001234333,21.27787114289982,0
30-39,1,189.01899147353134,2000,0,18.676995265177332,19.030244703382724,0
30-39,1,208.7892971906994,3200,0,16.336807586906758,14.015823341738965,0
30-39,1,205.4260809977278,2700,0,18.709979998065496,18.732614390642745,0
30-39,1,200.7207354738543,3200,0,16.88760676998189,16.950059434405325,0
30-39,1,194.4490366127764,2300,0,17.26241486160583,21.764916267924633,0
30-39,1,198.67608665662235,2700,0,18.31891332973514,20.752865559653568,0
30-39,1,191.9056262880627,3500,0,18.154277041723088,18.74764719236588,0
30-39,1,187.95415962313876,2300,0,19.44932735813874,18.97652994097604,0
30-39,1,183.77915800161946,3200,0,18.269426867136982,13.95453088919436,0
30-39,1,196.409580153261,3200,0,16.198331158457894,19.372245716255232,0
30-39,1,184.72168396209156,3200,0,18.910493266423735,16.445963731130593,0
30-39,1,212.95666286975,2700,0,18.872824560216294,19.066359300329736,0
30-39,1,204.9903942175952,3200,0,19.639587943456107,17.82702880391309,0
30-39,1,223.99403255007667,2700,0,17.59391906220057,21.432313854963798,0
30-39,2,498.76988816786076,2400,0,20.12918360109262,16.57109500086712,0
30-39,2,509.6952337361014,1500,0,19.114557523650678,21.796196348771897,0
30-39,2,484.7714751056419,1500,0,18.3759088865462,20.603831782388703,0
30-39,2,514.56260696967,1800,0,16.433015799988862,16.807445921596106,0
30-39,2,501.4746420199025,2400,0,18.39166410215954,16.829864428463647,0
30-39,2,536.5618530454781,1800,0,17.268854100659095,16.402756377820573,0
30-39,2,489.54107947627085,1800,0,14.509451534793762,21.111082150083586,0
30-39,2,195.1604329152716,2700,0,20.270507756932698,19.8948276994867,0
30-39,2,209.72438285082166,2700,0,16.6757380821474,22.535920944973228,0
30-39,2,195.14096481782903,2700,0,16.105917631617608,18.120496404721592,0
30-39,2,202.43923152265694,3500,0,18.91835528264555,15.12198406261492,0
30-39,2,220.13695322318148,2700,0,18.89475483200621,18.500685186853055,0
30-39,2,226.51103876066617,2000,0,18.659337139931882,19.581147762868433,0
30-39,2,200.84528091637168,2000,0,18.590413814831706,18.630814067807567,0
30-39,2,198.03199497796155,2700,0,18.18097144278001,19.69571185337127,0
30-39,2,203.15327026610143,2000,0,20.33379134061908,21.196527325630782,0
30-39,2,200.94232773997837,3200,0,15.892270569013913,20.19981747972217,0
30-39,2,210.2068538005684,2700,0,17.206355846510935,20.942673830746045,0
30-39,2,183.8743751178576,2000,0,14.615525103679598,20.380953016104254,0
30-39,2,184.8503018148271,2000,0,21.018565534868973,20.794389627350373,0
30-39,2,183.50048263090935,2700,0,20.828399039165255,19.758418864996425,0
30-39,2,185.99412213172894,2700,0,18.04132043977196,22.387250045100885,0
30-39,2,192.7656632222505,3200,0,17.022297115326325,18.207207394533107,0
30-39,2,199.212048136433,2300,0,16.300873433189523,18.279055055314505,0
30-39,2,208.6536665327193,2300,0,17.82375414270671,18.09189978613547,0
30-39,2,194.20388609906308,3200,0,19.235681558906947,19.772321518868633,0
30-39,2,200.87516275566537,2300,0,15.622787160930098,22.830828779063868,0
30-39,2,199.1039410209624,2700,0,16.707449777131373,18.780305117637422,0
30-39,2,200.57736251835144,2000,0,18.56371675069412,16.652701462995427,0
30-39,2,211.13860877554671,2700,0,15.634896405332878,19.734994556165102,0
30-39,2,195.7238129196529,3200,0,16.821029693731035,15.473884749818092,0
30-39,2,190.82153194884262,2000,0,17.02366710238337,18.764739148657373,0
30-39,2,202.93709496809555,2700,0,17.884066127356945,16.01750956646718,0
30-39,2,207.30599190059695,2300,0,17.924624287494662,21.840253129077905,0
30-39,2,197.07748762998972,2700,0,15.970547435634847,19.416210717934124,0
30-39,2,206.15227006285272,2700,0,18.99822904349051,23.543042770949132,0
30-39,2,197.3377643236871,2300,0,16.695812736154824,19.162188145158744,0
30-39,2,197.58820776437264,2000,0,16.06875075639094,17.316876809620194,0
30-39,2,183.05017182775126,3200,0,15.456191686227093,21.589008621464707,0
30-39,2,210.0866403003397,2700,0,12.354953970875663,19.079422167906962,0
30-39,2,201.91991411101927,2000,0,17.59784739786756,17.93356864570002,0
30-39,2,212.67678819990377,2300,0,19.006432966219766,20.40152641079786,0
30-39,2,187.463453640747,3500,0,18.29518182284916,17.97933866864082,0
30-39,2,204.5541536760648,2300,0,19.122456760802105,19.451464346496437,0
30-39,2,195.1478378052759,2000,0,14.723305872095636,19.661267722975122,0
30-39,2,205.29328565827657,3200,0,19.004306553591235,20.288791161806365,0
30-39,2,185.95097269821133,3200,0,18.909857022842615,17.654748994009726,0
30-39,2,180.6374698648365,2000,0,17.444891811042332,15.117912638847196,0
30-39,2,217.51752645017024,3500,0,19.27648763560442,17.205576074181216,0
30-39,2,201.9898675703018,3200,0,17.15691533132269,19.681987649424283,0
30-39,2,222.82223402989513,2000,0,18.121050515672824,14.580620520294143,0
40-49,1,519.0107321890993,1800,0,14.239171103504567,22.96672635680037,0
40-49,1,475.13893672109447,2400,0,20.97367410947197,20.351883610652582,0
40-49,1,524.9241418866013,2400,0,15.225662783711172,18.225372274865496,0
40-49,1,461.8542432021774,2400,0,19.09423463332591,21.390580793095527,0
40-49,1,222.21875210988847,2700,0,22.235835780463752,19.73374109428591,0
40-49,1,199.24362427371156,2000,0,14.426593280256084,18.057728080420393,0
40-49,1,204.35854698693785,2000,0,17.15638504932845,15.890534146560537,0
40-49,1,203.55456009377554,2700,0,15.160070337085585,19.176321139543344,0
40-49,1,189.28045448796928,2000,0,19.537194368498096,19.68156007675146,0
40-49,1,199.79318175621688,2700,0,19.55844541651638,21.581444850208154,0
40-49,1,193.88465182290358,2700,0,19.293162961918746,18.310335158277905,0
40-49,1,206.6813989616059,2300,0,18.96985690828692,18.52957896877864,0
40-49,1,211.7669179867256,2000,0,18.38962722172414,18.8684922671072,0
40-49,1,201.0275360208875,2700,0,19.64131457120138,17.70042347012011,0
40-49,1,185.16304672383484,2700,0,17.212297564077595,20.967569430729764,0
40-49,1,189.6199682338235,2000,0,20.415770483562046,23.499823379973307,0
40-49,1,184.84847157704928,2700,0,17.033252858866657,21.45361836752641,0
40-49,1,190.3216614503203,3500,0,14.204692233608261,24.28012111390766,0
40-49,1,193.39516395233767,2300,0,16.35252314772436,18.57544834749388,0
40-49,1,196.14985601034732,2300,0,20.59866421904629,21.53847143550439,0
40-49,1,194.20515250250585,2000,0,16.993364991748276,21.122922503388615,0
40-49,1,195.17375138939377,3200,0,17.805519440396125,20.855952579595453,0
40-49,1,189.57999752342755,2000,0,19.647818110495223,19.628134312592305,0
40-49,1,201.37108835910783,2000,0,16.80967166973019,20.870275981089055,0
40-49,1,192.77008945254062,2000,0,19.605172756977545,19.079030253537912,0
40-49,1,200.94990630749965,3200,0,22.288493065306326,19.906666674137256,0
40-49,1,202.03931649051214,2700,0,21.84603506551817,21.23511948461264,0
40-49,1,199.20818185447064,2000,0,17.121896411370468,17.140380006544714,0
40-49,1,192.14376395714484,2700,0,17.148973399583067,17.26713179821931,0
40-49,1,184.10378696752588,2700,0,19.995479997961343,19.599952844009973,0
40-49,2,505.69306661459353,1500,0,20.268930083061047,16.8426706466531,0
40-49,2,501.81575233749976,1500,0,21.133585315058006,19.664376805654637,0
40-49,2,519.3333019609886,1800,0,18.99335979144221,19.645923144556484,0
40-49,2,476.59902626965084,3000,0,18.31176608377438,19.033287315017912,0
40-49,2,461.7323222129316,1500,0,20.336119816141885,18.967515909535752,0
40-49,2,523.4678405986681,1800,0,20.935000318518714,15.702181990090777,0
40-49,2,204.1099661298839,2300,0,20.361840914652394,22.026021914673404,0
40-49,2,172.00006574463458,2000,0,15.266573399016426,21.555850042032773,0
40-49,2,207.34346904951354,2300,0,17.920708095655755,20.786219076007196,0
40-49,2,207.4102855686443,2300,0,21.00191701208438,20.50301238207872,0
40-49,2,207.28515768250102,2700,0,19.094097564781464,23.311143709843396,0
40-49,2,215.6048269797359,2300,0,17.204280277232407,18.638200463236956,0
40-49,2,193.46560800132232,2300,0,19.246537908699672,17.428260542049834,0
40-49,2,222.45986473324467,2300,0,16.673306602687674,17.386547741316814,0
40-49,2,227.9159731766483,2300,0,16.25506353382295,20.535276943896893,0
40-49,2,200.83723264836638,3200,0,19.828009434597345,20.492745108954292,0
40-49,2,181.0423639855748,2700,0,15.05660425040245,17.108223222033114,0
40-49,2,198.97748333180058,3200,0,16.288735567110304,17.7887075196407,0
40-49,2,197.05251285048723,2000,0,17.34926750321704,18.229192135914197,0
40-49,2,204.20597201212257,2300,0,16.528452450550038,18.406663437244077,0
40-49,2,192.43372540494443,2700,0,20.749912335296518,20.62528352175491,0
40-49,2,190.5185923285296,3500,0,18.522821443789752,17.998523085052437,0
40-49,2,187.06345649435258,2000,0,18.57143075975215,18.462472653132977,0
40-49,2,207.62151690200307,3500,0,18.243296974348684,17.194143783460934,0
40-49,2,198.01041132766875,3200,0,19.876693384954454,21.955028501591972,0
40-49,2,210.23018698065528,2300,0,17.543817694793187,18.75331482937393,0
40-49,2,197.82954239011897,2700,0,18.24280893036346,20.1613934418092,0
40-49,2,179.58720641924575,2000,0,21.70323168174759,20.83813800623436,0
40-49,2,187.38358694605802,2700,0,14.381499673970419,19.17180435840565,0
40-49,2,195.09120105888397,2000,0,18.36635155161334,19.80878934115054,0
40-49,2,190.21926149409143,2700,0,14.836274017306176,16.12469992716187,0
40-49,2,200.29276082419494,2000,0,14.758571509620182,19.61824887143003,0
40-49,2,188.5703290932833,2700,0,17.232562972433193,15.816175222812685,0
40-49,2,201.86616002596094,2000,0,18.026970297838545,18.9198659722393,0
40-49,2,217.50142941384257,2700,0,21.726734403036925,19.75063785406861,0
40-49,2,189.25122178037287,2000,0,18.06115140439133,17.604786628364014,0
40-49,2,201.72216340513268,3200,0,14.903179880954278,19.965987361458822,0
40-49,2,193.05163773671586,2700,0,18.377441939320708,19.86924142322991,0
40-49,2,217.20965332526362,3500,0,16.832133625042296,19.259583015634732,0
40-49,2,192.0696118364239,2300,0,18.934711054370762,16.164814047013145,0
40-49,2,203.08870470728624,2700,0,16.850743791480955,21.609425002504423,0
40-49,2,206.73692238885232,3500,0,15.577547377636167,22.39386821070125,0
40-49,2,189.74499917679202,3200,0,21.121812767354477,18.356058448532313,0
40-49,2,198.75172444175473,2700,0,19.12706126423158,19.586855786604684,0
40-49,2,183.38020862915596,2000,0,14.641034828948047,16.97939946465273,0
40-49,2,205.77669658686116,2700,0,14.196495978153099,16.641293480341403,0
40-49,2,202.92049293963439,2300,0,15.945635420545411,19.237437488935388,0
50-59,1,556.3069040876164,2400,0,19.46718378641059,18.045715873515284,0
50-59,1,510.80810685067576,2400,0,14.366169150556985,21.270026651828772,0
50-59,1,468.20726382294737,2400,0,22.37073865759912,18.852110825576958,0
50-59,1,492.38557244150513,1500,0,19.353977172472593,18.051039621636697,0
50-59,1,516.7088298358246,1500,0,16.277045227404003,22.36401445143971,0
50-59,1,485.71332507426683,1500,0,18.731298310180467,20.407946029237745,0
50-59,1,517.7560305416541,1800,0,16.753467160512155,18.702547203018952,0
50-59,1,502.8494433273785,2400,0,17.006509240773912,17.39547389726422,0
50-59,1,526.8898308622726,3300,0,20.931147472290974,26.997218330943248,0
50-59,1,504.9621938117177,1800,0,18.199969196010258,17.300603176791768,0
50-59,1,218.8841630941593,3200,0,20.00255874735037,17.971188200503878,0
50-59,1,213.6012963797113,3200,0,18.31429177240581,16.340996798349085,0
50-59,1,197.03487194221796,2700,0,15.813819887823803,16.572854069979634,0
50-59,1,190.57557858946393,2700,0,16.544167566173815,19.168457650607838,0
50-59,1,194.8894001970351,3200,0,14.411403631683214,20.587007447629258,0
50-59,1,203.50567343467884,3500,0,21.169989805212456,18.144122377311696,0
50-59,1,196.09179565177323,2300,0,18.004625602964484,22.14755014734585,0
50-59,1,195.75367233231734,2700,0,17.680016943803228,20.96238392013866,0
50-59,1,209.02822194138673,2700,0,15.797647134744548,17.226129953071357,0
50-59,1,184.6489988460798,2700,0,19.591029644430904,18.261244087325633,0
50-59,1,203.09522894296677,2000,0,17.846070614869884,16.42247399387088,0
50-59,1,192.47118627913628,2000,0,15.984061668759395,16.949544460060398,0
50-59,1,196.4628280252948,2700,0,14.525139029266427,21.76698625257793,0
50-59,1,201.2560326460263,2000,0,15.440500142151459,18.823164431300793,0
50-59,1,204.2977272966493,2700,0,19.833106173779576,19.450732324819853,0
50-59,1,190.18874193262175,2700,0,15.328460841462249,17.871732908495655,0
50-59,1,204.09909655015062,2700,0,17.129646212832075,18.281064483140963,0
50-59,1,187.27822012877562,2000,0,22.41114123289377,15.767770161663236,0
50-59,1,203.34266624327412,2700,0,22.168143892043922,18.623077543424607,0
50-59,1,192.19180652880607,2700,0,19.025987678139618,20.896086919341297,0
50-59,1,214.1637696474164,2300,0,21.75742068142962,18.75944540054999,0
50-59,1,211.1237131033322,2000,0,18.807044042013928,18.38119496502443,0
50-59,1,206.41962501183872,2700,0,22.49317658080892,20.396945261640127,0
50-59,1,207.48199261361603,2300,0,18.187657929543345,21.973574558379646,0
50-59,1,187.988376532923,2300,0,13.586895649776157,18.01292134944918,0
50-59,1,232.03227103249912,2000,0,18.517045027127075,20.707916327421202,0
50-59,1,199.91841122546816,3200,0,13.279679217410257,18.381919399934457,0
50-59,1,180.2973170619594,2000,0,18.92651278664488,18.865698214981265,0
50-59,1,204.00436293202415,2300,0,16.971565284624557,20.951474719612754,0
50-59,1,213.90730847744246,2000,0,18.58783156849066,19.184234002870962,0
50-59,1,181.20705146971727,2000,0,16.98225295148431,22.502013060830528,0
50-59,1,207.997169110917,2700,0,18.485805002647357,17.691264731733998,0
50-59,1,197.5775522239078,2000,0,19.639349653349445,16.733609794453283,0
50-59,1,206.75659705682745,2700,0,16.597753192943006,19.65609945855054,0
50-59,2,530.315406828168,1500,0,17.894363347875007,19.035552209852632,0
50-59,2,513.7297438460066,2400,0,18.53266333422503,19.673566337269836,0
50-59,2,192.11332303877987,2700,0,16.85714435016955,18.073506382402666,0
50-59,2,195.91236082726516,2700,0,20.575152613334016,18.525142730365236,0
50-59,2,201.31462367712354,3200,0,20.549521665569625,16.173318798151577,0
50-59,2,192.2312970266884,2000,0,20.990973201395743,17.737400774807874,0
50-59,2,185.77447942649815,2700,0,15.987607202725073,21.487307997104033,0
50-59,2,212.3267723584977,2300,0,17.251255510424865,18.105116872124885,0
50-59,2,203.05062510470444,3200,0,19.925156777287242,19.943793380641083,0
50-59,2,218.6285509345628,3200,0,17.03206530025755,17.791349858718675,0
50-59,2,195.40896873264373,2700,0,15.963031828137526,19.52282667439249,0
50-59,2,205.63888876535952,3200,0,17.479264256623683,21.27332173014132,0
50-59,2,204.11015596334045,3500,0,17.966502724962357,17.779101025919452,0
50-59,2,182.47755310045972,3200,0,19.183944136752185,20.486662853724653,0
50-59,2,204.03896717204253,3200,0,20.365020541401144,20.45382146778264,0
50-59,2,200.20501122451512,3200,0,17.342301013179004,20.424590682393017,0
50-59,2,186.04888719601308,3200,0,18.295718671414104,19.112355507504827,0
50-59,2,199.25205073424343,3200,0,21.411263330590035,15.57670810610061,0
50-59,2,212.73769681658436,2000,0,17.09993648487912,17.810277242251374,0
50-59,2,206.6283885567634,2700,0,17.195810202628234,13.920862574690421,0
50-59,2,203.91791890002906,2300,0,17.410081732358645,18.806272829013377,0
50-59,2,186.52671250755998,3200,0,18.626090574661777,17.79015385249671,0
50-59,2,191.08353194602836,3500,0,14.892376090779859,20.689884066300323,0
50-59,2,202.46267717637727,3500,0,17.43223974129453,15.084428202500655,0
50-59,2,203.8439019238941,2000,0,17.956148605292938,21.842574313045656,0
50-59,2,213.03218384501818,2300,0,17.451508812486164,17.32884766003461,0
50-59,2,202.52663677262916,3200,0,18.608784044456094,19.82137735139718,0
50-59,2,192.25831668649425,2000,0,17.05725468758334,20.003203990717363,0
50-59,2,209.97147480407983,2000,0,16.603960875448752,19.092477071832672,0
50-59,2,203.8422013465617,3500,0,18.350320260458492,20.69728801438562,0
60-69,1,477.3379157098595,2400,0,17.232398040858634,23.656740160419456,0
60-69,1,468.69724662387296,1800,0,14.58412392068116,17.82045329371173,0
60-69,1,505.6445464470784,3000,0,21.047014012897915,17.451919771111637,0
60-69,1,494.8683606294638,1500,0,18.027176329730572,16.126827548290947,0
60-69,1,208.69158488880953,3500,0,17.083617139454837,20.733148345254268,0
60-69,1,197.57094148520218,2300,0,19.71145545286704,21.446659116309174,0
60-69,1,193.61622016242214,3200,0,19.668828296842143,20.683031066365416,0
60-69,1,201.8222288357279,2300,0,20.856857587871897,17.402358581946302,0
60-69,1,214.76152425822602,3200,0,18.05106283143136,18.023204433712568,0
60-69,1,204.6843274119114,2700,0,17.242304341074277,18.710408279156372,0
60-69,1,185.8874162906736,2300,0,16.81158988441986,19.400577674529004,0
60-69,1,208.55919018284396,3200,0,15.28382561391134,20.681745342115413,0
60-69,1,201.992257727896,2300,0,20.53428519573342,16.312129885110824,0
60-69,1,201.12324937141403,3200,0,18.208171530925927,17.49991553322944,0
60-69,1,200.97245484653706,2700,0,17.764766672922914,22.09637798076748,0
60-69,1,190.5327782043993,2700,0,16.96434804170911,20.710043419556822,0
60-69,1,196.8972188257354,2700,0,13.926342901959472,21.877441810445482,0
60-69,1,194.37901350274245,2000,0,20.49489696552051,18.79533505896093,0
60-69,1,208.7783647792025,2300,0,18.165525935702775,19.335531772655532,0
60-69,1,209.72717162865567,2000,0,17.551953206408,24.312829020569037,0
60-69,1,190.8163520313064,2300,0,15.961394023356513,19.48214038262646,0
60-69,1,199.58711979869423,2000,0,17.456961655308476,19.867936396935985,0
60-69,1,203.5412026933808,2700,0,19.56542456823177,17.264384712934262,0
60-69,1,196.66679983795655,2000,0,17.13357807380188,19.915194130280533,0
60-69,1,186.6790959762693,2700,0,19.67542186573727,22.222789428825067,0
60-69,1,207.07803477249217,3500,0,19.34148949503569,20.293391629996705,0
60-69,1,211.73351561921652,3200,0,18.798270725003434,19.142571592282604,0
60-69,1,208.72036270625125,2300,0,19.313502240955756,13.52114587035397,0
60-69,1,187.92013302494328,3500,0,21.576039547197087,18.21586770342332,0
60-69,2,494.1507531544672,2400,0,15.55321054853663,15.853382419913874,0
60-69,2,494.254427903051,2400,0,21.923234582982772,20.456606829795067,0
60-69,2,202.5815485551151,3200,0,18.833627332587195,17.322014899624698,0
60-69,2,193.49506559124944,2000,0,15.790266357671417,20.645602152740196,0
60-69,2,186.86647164084553,3500,0,18.326205765210492,16.111838254189546,0
60-69,2,193.5412489514352,2700,0,21.097566823704852,16.111370307239806,0
60-69,2,205.1031442494601,3500,0,17.74856426721826,16.872195729333445,0
60-69,2,182.95316230731765,3200,0,14.79801812072637,18.390737125467027,0
60-69,2,188.24731960192565,2300,0,15.377987332251248,19.004890430847208,0
60-69,2,189.79752671153224,2000,0,17.347629863295484,17.593412264813104,0
60-69,2,213.71152813282438,2300,0,16.98934474613625,18.18892558122198,0
60-69,2,185.78456344467023,2300,0,19.095601502783055,19.119999045237904,0
60-69,2,199.75610337481316,3200,0,22.506479056876145,21.21711370271813,0
60-69,2,188.439609084464,2700,0,16.8100111801192,14.145315111797176,0
60-69,2,194.08679799853732,3500,0,17.992156023989047,19.634240999457358,0
60-69,2,193.38655846891163,2300,0,21.12938214738406,17.224535127497276,0
60-69,2,208.68362610544986,2700,0,16.27870026419198,17.951349198523005,0
60-69,2,197.67695150351238,3500,0,16.461192960443334,20.672532175396153,0
60-69,2,207.24002039635226,3200,0,19.457529706735123,18.89235533881185,0
60-69,2,178.983449986286,2300,0,16.58456450551776,16.66301779735358,0
60-69,2,201.6335648268502,2000,0,19.06606194765255,20.28800785386466,0
60-69,2,205.67112371257946,2000,0,19.403253569526278,14.636606225707936,0
60-69,2,210.99494081265186,3200,0,22.632983709366414,20.15313601319908,0
60-69,2,217.8922566760296,2700,0,18.972479599410267,19.973415239501755,0
60-69,2,183.3141291052462,2700,0,17.445536113675775,19.38183316607798,0
60-69,2,196.54416903858257,2700,0,19.809521104626153,18.11844988075189,0
60-69,2,200.660032841944,2300,0,16.735947736360327,21.806105459705087,0
60-69,2,199.21644054999553,2300,0,16.91114021850211,18.824098438278583,0
60-69,2,204.24558426812615,3200,0,17.466542069697073,19.752184339578033,0
60-69,2,191.38719845009393,2700,0,15.6056291647925,19.947477888762947,0
60-69,2,217.5594599879431,2700,0,17.145386984232562,16.758191525151066,0
70+,1,517.8996333616584,1500,0,18.115402446891714,19.69069586469093,0
70+,1,512.6740125099384,1500,0,17.984516598459557,22.7124330955129,0
70+,1,535.1331731225191,1800,0,16.597250155246257,21.266982568211155,0
70+,1,510.0997463586049,1800,0,19.15054127102906,19.69963040105129,0
70+,1,202.71031895915232,2700,0,15.52252469721503,15.51468319708762,0
70+,1,208.34628071670167,3200,0,16.098742011583994,20.39527390617905,0
70+,1,210.9992153234207,3200,0,17.329153329271424,22.7642985663311,0
70+,1,204.0370737558027,2000,0,17.19833323803572,18.551158494128153,0
70+,1,193.56187588836988,2300,0,14.078274134927396,18.708738637584013,0
70+,1,201.03364106411078,2300,0,14.932910926047645,22.367479032349973,0
70+,1,205.3309359445705,2700,0,14.751720364305667,19.22207249376366,0
70+,1,201.69114253791008,2300,0,17.077651135433648,16.319987345602055,0
70+,1,192.68124970483132,3200,0,18.31401638114904,19.244909042206793,0
70+,1,187.347464104283,2700,0,19.466548806664573,16.71189343636169,0
70+,1,188.04397901930275,2300,0,16.304711670610338,17.285988802610678,0
70+,1,197.36502714621568,2700,0,17.375427714604704,19.281089718680782,0
70+,1,217.46734465300293,3200,0,18.638789675000194,17.207092512986897,0
70+,1,211.58529863041386,2700,0,18.065154140355247,19.631487151690294,0
70+,1,209.53638554273502,3200,0,19.512771765375255,18.516016245989547,0
70+,1,216.089287471046,2700,0,14.212523750452846,17.94416947153118,0
70+,1,196.81270315314714,2000,0,18.915892127710503,17.380299109093382,0
70+,1,201.48577640848004,2300,0,14.807008222753666,18.34736535336677,0
70+,1,208.21315646872915,2700,0,19.245938407468273,17.638592610632468,0
70+,1,214.8367147789119,3200,0,18.219086920294973,20.154553840119473,0
70+,1,206.93529487797298,2700,0,16.30415495185465,20.998958103221348,0
70+,1,203.81460465956212,3500,0,19.01613701676707,18.204866503922386,0
70+,1,185.08297094613184,3200,0,18.241522922550065,17.17938114997508,0
70+,2,515.39283281107,3000,0,16.632186725035574,20.42160016789314,0
70+,2,196.24458067563748,3200,0,16.789585071841845,15.342081417668494,0
70+,2,205.382079181969,2300,0,18.515205720405042,17.85028129538472,0
70+,2,207.4206016294951,3200,0,25.15543755310857,17.253848485884525,0
70+,2,203.6640271414373,2300,0,19.544605495290714,20.41578557119199,0
70+,2,202.02384399771006,3200,0,18.95647838259914,21.15235199273586,0
70+,2,191.26492455815665,2000,0,17.656144797891983,21.48220930245575,0
70+,2,201.08396976281705,2700,0,16.891751792372318,16.96139077359932,0
70+,2,200.28065085530773,3500,0,17.002750931978643,20.134065704655285,0
70+,2,211.0657127224891,2700,0,19.805793334556366,16.94750222736336,0
70+,2,202.6983213681309,2000,0,17.98765555878316,18.409086659598124,0
70+,2,194.7605171161373,3200,0,17.018718768997893,19.411692265473025,0
70+,2,191.9012842877474,2000,0,16.245735764185138,18.568601641494208,0
70+,2,188.0883959066278,3200,0,18.69276010187293,20.764289779921793,0
70+,2,186.48212648788112,2300,0,13.57996921841926,14.106638505412477,0
70+,2,188.53798235530584,2300,0,20.510987982919293,20.326157252109102,0
70+,2,189.71397085436632,3500,0,17.901554149996283,18.580206028770206,0
70+,2,206.15871540688502,2300,0,19.6843506929004,17.769866591214832,0
70+,2,204.8024648805305,3200,0,17.303165533582952,19.023260785082982,0
